Text,Image
urn:cts:greekLit:tlg0012.tlg001.msA:21.1,"urn:cite:hmt:vaimg.VA270RN-0440@0.151,0.153,0.448,0.1028"
urn:cts:greekLit:tlg0012.tlg001.msA:21.2,"urn:cite:hmt:vaimg.VA270RN-0440@0.218,0.2101,0.396,0.0278"
urn:cts:greekLit:tlg0012.tlg001.msA:21.3,"urn:cite:hmt:vaimg.VA270RN-0440@0.214,0.2281,0.402,0.0338"
urn:cts:greekLit:tlg0012.tlg001.msA:21.4,"urn:cite:hmt:vaimg.VA270RN-0440@0.21,0.2483,0.406,0.0263"
urn:cts:greekLit:tlg0012.tlg001.msA:21.5,"urn:cite:hmt:vaimg.VA270RN-0440@0.21,0.2671,0.423,0.0263"
urn:cts:greekLit:tlg0012.tlg001.msA:21.6,"urn:cite:hmt:vaimg.VA270RN-0440@0.208,0.2858,0.377,0.0263"
urn:cts:greekLit:tlg0012.tlg001.msA:21.7,"urn:cite:hmt:vaimg.VA270RN-0440@0.206,0.3046,0.398,0.0285"
urn:cts:greekLit:tlg0012.tlg001.msA:21.8,"urn:cite:hmt:vaimg.VA270RN-0440@0.21,0.3211,0.406,0.0285"
urn:cts:greekLit:tlg0012.tlg001.msA:21.9,"urn:cite:hmt:vaimg.VA270RN-0440@0.207,0.3398,0.426,0.0285"
urn:cts:greekLit:tlg0012.tlg001.msA:21.10,"urn:cite:hmt:vaimg.VA270RN-0440@0.203,0.3631,0.426,0.0285"
urn:cts:greekLit:tlg0012.tlg001.msA:21.11,"urn:cite:hmt:vaimg.VA270RN-0440@0.206,0.3803,0.423,0.0285"
urn:cts:greekLit:tlg0012.tlg001.msA:21.12,"urn:cite:hmt:vaimg.VA270RN-0440@0.199,0.3998,0.423,0.0285"
urn:cts:greekLit:tlg0012.tlg001.msA:21.13,"urn:cite:hmt:vaimg.VA270RN-0440@0.196,0.4186,0.448,0.0285"
urn:cts:greekLit:tlg0012.tlg001.msA:21.14,"urn:cite:hmt:vaimg.VA270RN-0440@0.198,0.4366,0.448,0.0285"
urn:cts:greekLit:tlg0012.tlg001.msA:21.15,"urn:cite:hmt:vaimg.VA270RN-0440@0.195,0.4554,0.448,0.0285"
urn:cts:greekLit:tlg0012.tlg001.msA:21.16,"urn:cite:hmt:vaimg.VA270RN-0440@0.195,0.4779,0.448,0.0315"
urn:cts:greekLit:tlg0012.tlg001.msA:21.17,"urn:cite:hmt:vaimg.VA270RN-0440@0.19,0.4981,0.448,0.0323"
urn:cts:greekLit:tlg0012.tlg001.msA:21.18,"urn:cite:hmt:vaimg.VA270RN-0440@0.193,0.5131,0.448,0.0323"
urn:cts:greekLit:tlg0012.tlg001.msA:21.19,"urn:cite:hmt:vaimg.VA270RN-0440@0.193,0.5296,0.448,0.0323"
urn:cts:greekLit:tlg0012.tlg001.msA:21.20,"urn:cite:hmt:vaimg.VA270RN-0440@0.188,0.5514,0.448,0.0323"
urn:cts:greekLit:tlg0012.tlg001.msA:21.21,"urn:cite:hmt:vaimg.VA270RN-0440@0.182,0.5724,0.448,0.0323"
urn:cts:greekLit:tlg0012.tlg001.msA:21.22,"urn:cite:hmt:vaimg.VA270RN-0440@0.181,0.5866,0.448,0.0323"
urn:cts:greekLit:tlg0012.tlg001.msA:21.23,"urn:cite:hmt:vaimg.VA270RN-0440@0.178,0.6092,0.448,0.0323"
urn:cts:greekLit:tlg0012.tlg001.msA:21.24,"urn:cite:hmt:vaimg.VA270RN-0440@0.179,0.6264,0.448,0.0323"
urn:cts:greekLit:tlg0012.tlg001.msA:21.25,"urn:cite:hmt:vaimg.VA270RN-0440@0.178,0.6467,0.448,0.0323"
urn:cts:greekLit:tlg0012.tlg001.msA:21.26,"urn:cite:hmt:vaimg.VA270VN-0772@0.48,0.2125,0.44,0.0375"
urn:cts:greekLit:tlg0012.tlg001.msA:21.27,"urn:cite:hmt:vaimg.VA270VN-0772@0.49,0.2425,0.428,0.0293"
urn:cts:greekLit:tlg0012.tlg001.msA:21.28,"urn:cite:hmt:vaimg.VA270VN-0772@0.489,0.2635,0.428,0.0293"
urn:cts:greekLit:tlg0012.tlg001.msA:21.29,"urn:cite:hmt:vaimg.VA270VN-0772@0.489,0.2808,0.428,0.0293"
urn:cts:greekLit:tlg0012.tlg001.msA:21.30,"urn:cite:hmt:vaimg.VA270VN-0772@0.489,0.2995,0.428,0.0293"
urn:cts:greekLit:tlg0012.tlg001.msA:21.31,"urn:cite:hmt:vaimg.VA270VN-0772@0.488,0.3183,0.428,0.0293"
urn:cts:greekLit:tlg0012.tlg001.msA:21.32,"urn:cite:hmt:vaimg.VA270VN-0772@0.494,0.3371,0.428,0.0293"
urn:cts:greekLit:tlg0012.tlg001.msA:21.33,"urn:cite:hmt:vaimg.VA270VN-0772@0.493,0.3559,0.428,0.0293"
urn:cts:greekLit:tlg0012.tlg001.msA:21.34,"urn:cite:hmt:vaimg.VA270VN-0772@0.498,0.3754,0.428,0.0293"
urn:cts:greekLit:tlg0012.tlg001.msA:21.35,"urn:cite:hmt:vaimg.VA270VN-0772@0.493,0.3956,0.428,0.0293"
urn:cts:greekLit:tlg0012.tlg001.msA:21.36,"urn:cite:hmt:vaimg.VA270VN-0772@0.494,0.4144,0.428,0.0293"
urn:cts:greekLit:tlg0012.tlg001.msA:21.37,"urn:cite:hmt:vaimg.VA270VN-0772@0.495,0.4347,0.428,0.0293"
urn:cts:greekLit:tlg0012.tlg001.msA:21.38,"urn:cite:hmt:vaimg.VA270VN-0772@0.494,0.4527,0.428,0.0293"
urn:cts:greekLit:tlg0012.tlg001.msA:21.39,"urn:cite:hmt:vaimg.VA270VN-0772@0.493,0.4722,0.428,0.0293"
urn:cts:greekLit:tlg0012.tlg001.msA:21.40,"urn:cite:hmt:vaimg.VA270VN-0772@0.499,0.4887,0.432,0.033"
urn:cts:greekLit:tlg0012.tlg001.msA:21.41,"urn:cite:hmt:vaimg.VA270VN-0772@0.496,0.5068,0.432,0.0338"
urn:cts:greekLit:tlg0012.tlg001.msA:21.42,"urn:cite:hmt:vaimg.VA270VN-0772@0.49,0.5255,0.44,0.0338"
urn:cts:greekLit:tlg0012.tlg001.msA:21.43,"urn:cite:hmt:vaimg.VA270VN-0772@0.494,0.5458,0.44,0.0338"
urn:cts:greekLit:tlg0012.tlg001.msA:21.44,"urn:cite:hmt:vaimg.VA270VN-0772@0.493,0.5638,0.44,0.0338"
urn:cts:greekLit:tlg0012.tlg001.msA:21.45,"urn:cite:hmt:vaimg.VA270VN-0772@0.493,0.5818,0.44,0.0338"
urn:cts:greekLit:tlg0012.tlg001.msA:21.46,"urn:cite:hmt:vaimg.VA270VN-0772@0.488,0.6036,0.44,0.0338"
urn:cts:greekLit:tlg0012.tlg001.msA:21.47,"urn:cite:hmt:vaimg.VA270VN-0772@0.487,0.6224,0.44,0.0338"
urn:cts:greekLit:tlg0012.tlg001.msA:21.48,"urn:cite:hmt:vaimg.VA270VN-0772@0.49,0.6404,0.44,0.0338"
urn:cts:greekLit:tlg0012.tlg001.msA:21.49,"urn:cite:hmt:vaimg.VA270VN-0772@0.49,0.6584,0.44,0.0338"
urn:cts:greekLit:tlg0012.tlg001.msA:21.50,"urn:cite:hmt:vaimg.VA270VN-0772@0.497,0.6787,0.44,0.0338"
urn:cts:greekLit:tlg0012.tlg001.msA:21.51,"urn:cite:hmt:vaimg.VA271RN-0441@0.208,0.1854,0.464,0.0345"
urn:cts:greekLit:tlg0012.tlg001.msA:21.52,"urn:cite:hmt:vaimg.VA271RN-0441@0.206,0.2042,0.464,0.0345"
urn:cts:greekLit:tlg0012.tlg001.msA:21.53,"urn:cite:hmt:vaimg.VA271RN-0441@0.202,0.226,0.464,0.0345"
urn:cts:greekLit:tlg0012.tlg001.msA:21.54,"urn:cite:hmt:vaimg.VA271RN-0441@0.2,0.2485,0.464,0.0278"
urn:cts:greekLit:tlg0012.tlg001.msA:21.55,"urn:cite:hmt:vaimg.VA271RN-0441@0.197,0.2628,0.464,0.0315"
urn:cts:greekLit:tlg0012.tlg001.msA:21.56,"urn:cite:hmt:vaimg.VA271RN-0441@0.206,0.2838,0.393,0.0278"
urn:cts:greekLit:tlg0012.tlg001.msA:21.57,"urn:cite:hmt:vaimg.VA271RN-0441@0.204,0.3018,0.404,0.0308"
urn:cts:greekLit:tlg0012.tlg001.msA:21.58,"urn:cite:hmt:vaimg.VA271RN-0441@0.2,0.3183,0.434,0.0375"
urn:cts:greekLit:tlg0012.tlg001.msA:21.59,"urn:cite:hmt:vaimg.VA271RN-0441@0.198,0.3416,0.434,0.0293"
urn:cts:greekLit:tlg0012.tlg001.msA:21.60,"urn:cite:hmt:vaimg.VA271RN-0441@0.198,0.3574,0.434,0.0293"
urn:cts:greekLit:tlg0012.tlg001.msA:21.61,"urn:cite:hmt:vaimg.VA271RN-0441@0.196,0.3769,0.434,0.0293"
urn:cts:greekLit:tlg0012.tlg001.msA:21.62,"urn:cite:hmt:vaimg.VA271RN-0441@0.195,0.4002,0.417,0.0293"
urn:cts:greekLit:tlg0012.tlg001.msA:21.63,"urn:cite:hmt:vaimg.VA271RN-0441@0.195,0.4152,0.439,0.0293"
urn:cts:greekLit:tlg0012.tlg001.msA:21.64,"urn:cite:hmt:vaimg.VA271RN-0441@0.195,0.4354,0.442,0.0293"
urn:cts:greekLit:tlg0012.tlg001.msA:21.65,"urn:cite:hmt:vaimg.VA271RN-0441@0.196,0.455,0.442,0.0293"
urn:cts:greekLit:tlg0012.tlg001.msA:21.66,"urn:cite:hmt:vaimg.VA271RN-0441@0.199,0.47,0.442,0.0293"
urn:cts:greekLit:tlg0012.tlg001.msA:21.67,"urn:cite:hmt:vaimg.VA271RN-0441@0.198,0.4887,0.442,0.0293"
urn:cts:greekLit:tlg0012.tlg001.msA:21.68,"urn:cite:hmt:vaimg.VA271RN-0441@0.199,0.5113,0.442,0.0293"
urn:cts:greekLit:tlg0012.tlg001.msA:21.69,"urn:cite:hmt:vaimg.VA271RN-0441@0.197,0.5278,0.442,0.0293"
urn:cts:greekLit:tlg0012.tlg001.msA:21.70,"urn:cite:hmt:vaimg.VA271RN-0441@0.192,0.5473,0.442,0.0293"
urn:cts:greekLit:tlg0012.tlg001.msA:21.71,"urn:cite:hmt:vaimg.VA271RN-0441@0.193,0.5683,0.442,0.0293"
urn:cts:greekLit:tlg0012.tlg001.msA:21.72,"urn:cite:hmt:vaimg.VA271RN-0441@0.195,0.5871,0.442,0.0293"
urn:cts:greekLit:tlg0012.tlg001.msA:21.73,"urn:cite:hmt:vaimg.VA271RN-0441@0.19,0.6066,0.442,0.0293"
urn:cts:greekLit:tlg0012.tlg001.msA:21.74,"urn:cite:hmt:vaimg.VA271RN-0441@0.187,0.6254,0.442,0.0293"
urn:cts:greekLit:tlg0012.tlg001.msA:21.75,"urn:cite:hmt:vaimg.VA271RN-0441@0.182,0.6464,0.442,0.0293"
urn:cts:greekLit:tlg0012.tlg001.msA:21.76,"urn:cite:hmt:vaimg.VA271VN-0773@0.467,0.229,0.418,0.0263"
urn:cts:greekLit:tlg0012.tlg001.msA:21.77,"urn:cite:hmt:vaimg.VA271VN-0773@0.467,0.2485,0.418,0.0263"
urn:cts:greekLit:tlg0012.tlg001.msA:21.78,"urn:cite:hmt:vaimg.VA271VN-0773@0.467,0.2658,0.418,0.0263"
urn:cts:greekLit:tlg0012.tlg001.msA:21.79,"urn:cite:hmt:vaimg.VA271VN-0773@0.466,0.2875,0.418,0.0263"
urn:cts:greekLit:tlg0012.tlg001.msA:21.80,"urn:cite:hmt:vaimg.VA271VN-0773@0.467,0.3041,0.418,0.0263"
urn:cts:greekLit:tlg0012.tlg001.msA:21.81,"urn:cite:hmt:vaimg.VA271VN-0773@0.466,0.3228,0.418,0.0263"
urn:cts:greekLit:tlg0012.tlg001.msA:21.82,"urn:cite:hmt:vaimg.VA271VN-0773@0.465,0.3408,0.418,0.0263"
urn:cts:greekLit:tlg0012.tlg001.msA:21.83,"urn:cite:hmt:vaimg.VA271VN-0773@0.449,0.3604,0.439,0.0263"
urn:cts:greekLit:tlg0012.tlg001.msA:21.84,"urn:cite:hmt:vaimg.VA271VN-0773@0.466,0.3769,0.439,0.0293"
urn:cts:greekLit:tlg0012.tlg001.msA:21.85,"urn:cite:hmt:vaimg.VA271VN-0773@0.463,0.3994,0.386,0.0293"
urn:cts:greekLit:tlg0012.tlg001.msA:21.86,"urn:cite:hmt:vaimg.VA271VN-0773@0.466,0.4159,0.4,0.0293"
urn:cts:greekLit:tlg0012.tlg001.msA:21.87,"urn:cite:hmt:vaimg.VA271VN-0773@0.473,0.4324,0.4,0.0293"
urn:cts:greekLit:tlg0012.tlg001.msA:21.88,"urn:cite:hmt:vaimg.VA271VN-0773@0.473,0.452,0.4,0.0293"
urn:cts:greekLit:tlg0012.tlg001.msA:21.89,"urn:cite:hmt:vaimg.VA271VN-0773@0.468,0.4692,0.421,0.0293"
urn:cts:greekLit:tlg0012.tlg001.msA:21.90,"urn:cite:hmt:vaimg.VA271VN-0773@0.467,0.4857,0.421,0.0293"
urn:cts:greekLit:tlg0012.tlg001.msA:21.91,"urn:cite:hmt:vaimg.VA271VN-0773@0.466,0.506,0.421,0.0293"
urn:cts:greekLit:tlg0012.tlg001.msA:21.92,"urn:cite:hmt:vaimg.VA271VN-0773@0.467,0.5233,0.421,0.0293"
urn:cts:greekLit:tlg0012.tlg001.msA:21.93,"urn:cite:hmt:vaimg.VA271VN-0773@0.466,0.5465,0.421,0.0293"
urn:cts:greekLit:tlg0012.tlg001.msA:21.94,"urn:cite:hmt:vaimg.VA271VN-0773@0.468,0.5631,0.421,0.0293"
urn:cts:greekLit:tlg0012.tlg001.msA:21.95,"urn:cite:hmt:vaimg.VA271VN-0773@0.47,0.5826,0.421,0.0293"
urn:cts:greekLit:tlg0012.tlg001.msA:21.96,"urn:cite:hmt:vaimg.VA271VN-0773@0.471,0.6014,0.421,0.0293"
urn:cts:greekLit:tlg0012.tlg001.msA:21.97,"urn:cite:hmt:vaimg.VA271VN-0773@0.463,0.6201,0.421,0.0293"
urn:cts:greekLit:tlg0012.tlg001.msA:21.98,"urn:cite:hmt:vaimg.VA271VN-0773@0.462,0.6404,0.421,0.0293"
urn:cts:greekLit:tlg0012.tlg001.msA:21.99,"urn:cite:hmt:vaimg.VA271VN-0773@0.464,0.6584,0.421,0.0293"
urn:cts:greekLit:tlg0012.tlg001.msA:21.100,"urn:cite:hmt:vaimg.VA271VN-0773@0.465,0.6757,0.421,0.0293"
urn:cts:greekLit:tlg0012.tlg001.msA:21.101,"urn:cite:hmt:vaimg.VA272RN-0442@0.227,0.2087,0.415,0.0255"
urn:cts:greekLit:tlg0012.tlg001.msA:21.102,"urn:cite:hmt:vaimg.VA272RN-0442@0.221,0.2297,0.404,0.0255"
urn:cts:greekLit:tlg0012.tlg001.msA:21.103,"urn:cite:hmt:vaimg.VA272RN-0442@0.218,0.2515,0.404,0.0255"
urn:cts:greekLit:tlg0012.tlg001.msA:21.104,"urn:cite:hmt:vaimg.VA272RN-0442@0.219,0.2658,0.384,0.0323"
urn:cts:greekLit:tlg0012.tlg001.msA:21.105,"urn:cite:hmt:vaimg.VA272RN-0442@0.216,0.2853,0.416,0.0323"
urn:cts:greekLit:tlg0012.tlg001.msA:21.106,"urn:cite:hmt:vaimg.VA272RN-0442@0.213,0.3041,0.407,0.0278"
urn:cts:greekLit:tlg0012.tlg001.msA:21.107,"urn:cite:hmt:vaimg.VA272RN-0442@0.215,0.3206,0.417,0.0315"
urn:cts:greekLit:tlg0012.tlg001.msA:21.108,"urn:cite:hmt:vaimg.VA272RN-0442@0.209,0.3386,0.322,0.0278"
urn:cts:greekLit:tlg0012.tlg001.msA:21.109,"urn:cite:hmt:vaimg.VA272RN-0442@0.21,0.3581,0.403,0.0278"
urn:cts:greekLit:tlg0012.tlg001.msA:21.110,"urn:cite:hmt:vaimg.VA272RN-0442@0.208,0.3769,0.402,0.0278"
urn:cts:greekLit:tlg0012.tlg001.msA:21.111,"urn:cite:hmt:vaimg.VA272RN-0442@0.205,0.3964,0.358,0.0278"
urn:cts:greekLit:tlg0012.tlg001.msA:21.112,"urn:cite:hmt:vaimg.VA272RN-0442@0.209,0.4152,0.376,0.0278"
urn:cts:greekLit:tlg0012.tlg001.msA:21.113,"urn:cite:hmt:vaimg.VA272RN-0442@0.207,0.4317,0.367,0.0278"
urn:cts:greekLit:tlg0012.tlg001.msA:21.114,"urn:cite:hmt:vaimg.VA272RN-0442@0.202,0.4512,0.411,0.0315"
urn:cts:greekLit:tlg0012.tlg001.msA:21.115,"urn:cite:hmt:vaimg.VA272RN-0442@0.204,0.4677,0.395,0.0315"
urn:cts:greekLit:tlg0012.tlg001.msA:21.116,"urn:cite:hmt:vaimg.VA272RN-0442@0.2,0.491,0.417,0.0315"
urn:cts:greekLit:tlg0012.tlg001.msA:21.117,"urn:cite:hmt:vaimg.VA272RN-0442@0.201,0.5098,0.403,0.0263"
urn:cts:greekLit:tlg0012.tlg001.msA:21.118,"urn:cite:hmt:vaimg.VA272RN-0442@0.196,0.5285,0.392,0.0263"
urn:cts:greekLit:tlg0012.tlg001.msA:21.119,"urn:cite:hmt:vaimg.VA272RN-0442@0.201,0.5458,0.417,0.0255"
urn:cts:greekLit:tlg0012.tlg001.msA:21.120,"urn:cite:hmt:vaimg.VA272RN-0442@0.194,0.5676,0.436,0.0285"
urn:cts:greekLit:tlg0012.tlg001.msA:21.121,"urn:cite:hmt:vaimg.VA272RN-0442@0.196,0.5863,0.397,0.0248"
urn:cts:greekLit:tlg0012.tlg001.msA:21.122,"urn:cite:hmt:vaimg.VA272RN-0442@0.196,0.6029,0.396,0.0248"
urn:cts:greekLit:tlg0012.tlg001.msA:21.123,"urn:cite:hmt:vaimg.VA272RN-0442@0.194,0.6201,0.393,0.0293"
urn:cts:greekLit:tlg0012.tlg001.msA:21.124,"urn:cite:hmt:vaimg.VA272RN-0442@0.195,0.6396,0.407,0.0293"
urn:cts:greekLit:tlg0012.tlg001.msA:21.125,"urn:cite:hmt:vaimg.VA272RN-0442@0.197,0.6607,0.346,0.0255"
urn:cts:greekLit:tlg0012.tlg001.msA:21.126,"urn:cite:hmt:vaimg.VA272VN-0774@0.471,0.2192,0.454,0.0398"
urn:cts:greekLit:tlg0012.tlg001.msA:21.127,"urn:cite:hmt:vaimg.VA272VN-0774@0.468,0.2455,0.426,0.0293"
urn:cts:greekLit:tlg0012.tlg001.msA:21.128,"urn:cite:hmt:vaimg.VA272VN-0774@0.47,0.2673,0.426,0.0263"
urn:cts:greekLit:tlg0012.tlg001.msA:21.129,"urn:cite:hmt:vaimg.VA272VN-0774@0.473,0.2823,0.421,0.0323"
urn:cts:greekLit:tlg0012.tlg001.msA:21.130,"urn:cite:hmt:vaimg.VA272VN-0774@0.475,0.3018,0.417,0.0285"
urn:cts:greekLit:tlg0012.tlg001.msA:21.131,"urn:cite:hmt:vaimg.VA272VN-0774@0.473,0.3228,0.415,0.0285"
urn:cts:greekLit:tlg0012.tlg001.msA:21.132,"urn:cite:hmt:vaimg.VA272VN-0774@0.472,0.3401,0.407,0.0285"
urn:cts:greekLit:tlg0012.tlg001.msA:21.133,"urn:cite:hmt:vaimg.VA272VN-0774@0.472,0.3574,0.425,0.0285"
urn:cts:greekLit:tlg0012.tlg001.msA:21.134,"urn:cite:hmt:vaimg.VA272VN-0774@0.471,0.3769,0.401,0.0263"
urn:cts:greekLit:tlg0012.tlg001.msA:21.135,"urn:cite:hmt:vaimg.VA272VN-0774@0.471,0.3956,0.383,0.0263"
urn:cts:greekLit:tlg0012.tlg001.msA:21.136,"urn:cite:hmt:vaimg.VA272VN-0774@0.469,0.4152,0.423,0.0263"
urn:cts:greekLit:tlg0012.tlg001.msA:21.137,"urn:cite:hmt:vaimg.VA272VN-0774@0.47,0.4302,0.378,0.0263"
urn:cts:greekLit:tlg0012.tlg001.msA:21.138,"urn:cite:hmt:vaimg.VA272VN-0774@0.474,0.4474,0.378,0.0263"
urn:cts:greekLit:tlg0012.tlg001.msA:21.139,"urn:cite:hmt:vaimg.VA272VN-0774@0.469,0.4677,0.425,0.0263"
urn:cts:greekLit:tlg0012.tlg001.msA:21.140,"urn:cite:hmt:vaimg.VA272VN-0774@0.473,0.4895,0.425,0.0225"
urn:cts:greekLit:tlg0012.tlg001.msA:21.141,"urn:cite:hmt:vaimg.VA272VN-0774@0.471,0.5068,0.399,0.0225"
urn:cts:greekLit:tlg0012.tlg001.msA:21.142,"urn:cite:hmt:vaimg.VA272VN-0774@0.472,0.5285,0.432,0.0225"
urn:cts:greekLit:tlg0012.tlg001.msA:21.143,"urn:cite:hmt:vaimg.VA272VN-0774@0.473,0.5465,0.432,0.0225"
urn:cts:greekLit:tlg0012.tlg001.msA:21.144,"urn:cite:hmt:vaimg.VA272VN-0774@0.473,0.5653,0.425,0.0225"
urn:cts:greekLit:tlg0012.tlg001.msA:21.145,"urn:cite:hmt:vaimg.VA272VN-0774@0.475,0.5826,0.411,0.0225"
urn:cts:greekLit:tlg0012.tlg001.msA:21.146,"urn:cite:hmt:vaimg.VA272VN-0774@0.476,0.6036,0.397,0.0225"
urn:cts:greekLit:tlg0012.tlg001.msA:21.147,"urn:cite:hmt:vaimg.VA272VN-0774@0.477,0.6216,0.425,0.0225"
urn:cts:greekLit:tlg0012.tlg001.msA:21.148,"urn:cite:hmt:vaimg.VA272VN-0774@0.479,0.6366,0.4,0.0278"
urn:cts:greekLit:tlg0012.tlg001.msA:21.149,"urn:cite:hmt:vaimg.VA272VN-0774@0.478,0.6562,0.435,0.0278"
urn:cts:greekLit:tlg0012.tlg001.msA:21.150,"urn:cite:hmt:vaimg.VA272VN-0774@0.469,0.6734,0.431,0.0278"
urn:cts:greekLit:tlg0012.tlg001.msA:21.151,"urn:cite:hmt:vaimg.VA273RN-0443@0.218,0.2005,0.398,0.03"
urn:cts:greekLit:tlg0012.tlg001.msA:21.152,"urn:cite:hmt:vaimg.VA273RN-0443@0.217,0.2215,0.423,0.03"
urn:cts:greekLit:tlg0012.tlg001.msA:21.153,"urn:cite:hmt:vaimg.VA273RN-0443@0.209,0.2432,0.389,0.0255"
urn:cts:greekLit:tlg0012.tlg001.msA:21.154,"urn:cite:hmt:vaimg.VA273RN-0443@0.216,0.2613,0.398,0.03"
urn:cts:greekLit:tlg0012.tlg001.msA:21.155,"urn:cite:hmt:vaimg.VA273RN-0443@0.216,0.2785,0.421,0.0338"
urn:cts:greekLit:tlg0012.tlg001.msA:21.156,"urn:cite:hmt:vaimg.VA273RN-0443@0.218,0.298,0.364,0.0263"
urn:cts:greekLit:tlg0012.tlg001.msA:21.157,"urn:cite:hmt:vaimg.VA273RN-0443@0.212,0.3198,0.364,0.0263"
urn:cts:greekLit:tlg0012.tlg001.msA:21.159,"urn:cite:hmt:vaimg.VA273RN-0443@0.209,0.3386,0.402,0.0248"
urn:cts:greekLit:tlg0012.tlg001.msA:21.160,"urn:cite:hmt:vaimg.VA273RN-0443@0.204,0.3589,0.402,0.0248"
urn:cts:greekLit:tlg0012.tlg001.msA:21.161,"urn:cite:hmt:vaimg.VA273RN-0443@0.201,0.3761,0.415,0.0248"
urn:cts:greekLit:tlg0012.tlg001.msA:21.162,"urn:cite:hmt:vaimg.VA273RN-0443@0.205,0.3964,0.415,0.0248"
urn:cts:greekLit:tlg0012.tlg001.msA:21.163,"urn:cite:hmt:vaimg.VA273RN-0443@0.204,0.4144,0.366,0.0248"
urn:cts:greekLit:tlg0012.tlg001.msA:21.164,"urn:cite:hmt:vaimg.VA273RN-0443@0.205,0.4354,0.415,0.0248"
urn:cts:greekLit:tlg0012.tlg001.msA:21.165,"urn:cite:hmt:vaimg.VA273RN-0443@0.199,0.4557,0.41,0.0248"
urn:cts:greekLit:tlg0012.tlg001.msA:21.166,"urn:cite:hmt:vaimg.VA273RN-0443@0.202,0.4752,0.423,0.0248"
urn:cts:greekLit:tlg0012.tlg001.msA:21.167,"urn:cite:hmt:vaimg.VA273RN-0443@0.2,0.4902,0.446,0.0293"
urn:cts:greekLit:tlg0012.tlg001.msA:21.168,"urn:cite:hmt:vaimg.VA273RN-0443@0.2,0.515,0.408,0.0263"
urn:cts:greekLit:tlg0012.tlg001.msA:21.169,"urn:cite:hmt:vaimg.VA273RN-0443@0.208,0.53,0.385,0.0263"
urn:cts:greekLit:tlg0012.tlg001.msA:21.170,"urn:cite:hmt:vaimg.VA273RN-0443@0.21,0.5435,0.427,0.03"
urn:cts:greekLit:tlg0012.tlg001.msA:21.171,"urn:cite:hmt:vaimg.VA273RN-0443@0.205,0.5653,0.447,0.0293"
urn:cts:greekLit:tlg0012.tlg001.msA:21.172,"urn:cite:hmt:vaimg.VA273RN-0443@0.207,0.5856,0.44,0.027"
urn:cts:greekLit:tlg0012.tlg001.msA:21.173,"urn:cite:hmt:vaimg.VA273RN-0443@0.201,0.6044,0.424,0.027"
urn:cts:greekLit:tlg0012.tlg001.msA:21.174,"urn:cite:hmt:vaimg.VA273RN-0443@0.203,0.6224,0.429,0.027"
urn:cts:greekLit:tlg0012.tlg001.msA:21.175,"urn:cite:hmt:vaimg.VA273RN-0443@0.202,0.6419,0.392,0.027"
urn:cts:greekLit:tlg0012.tlg001.msA:21.176,"urn:cite:hmt:vaimg.VA273RN-0443@0.198,0.6637,0.433,0.0315"
urn:cts:greekLit:tlg0012.tlg001.msA:21.177,""
urn:cts:greekLit:tlg0012.tlg001.msA:21.178,""
urn:cts:greekLit:tlg0012.tlg001.msA:21.179,""
urn:cts:greekLit:tlg0012.tlg001.msA:21.180,""
urn:cts:greekLit:tlg0012.tlg001.msA:21.181,""
urn:cts:greekLit:tlg0012.tlg001.msA:21.182,""
urn:cts:greekLit:tlg0012.tlg001.msA:21.183,""
urn:cts:greekLit:tlg0012.tlg001.msA:21.184,""
urn:cts:greekLit:tlg0012.tlg001.msA:21.185,""
urn:cts:greekLit:tlg0012.tlg001.msA:21.186,""
urn:cts:greekLit:tlg0012.tlg001.msA:21.187,""
urn:cts:greekLit:tlg0012.tlg001.msA:21.188,""
urn:cts:greekLit:tlg0012.tlg001.msA:21.189,""
urn:cts:greekLit:tlg0012.tlg001.msA:21.190,""
urn:cts:greekLit:tlg0012.tlg001.msA:21.191,""
urn:cts:greekLit:tlg0012.tlg001.msA:21.192,""
urn:cts:greekLit:tlg0012.tlg001.msA:21.193,""
urn:cts:greekLit:tlg0012.tlg001.msA:21.194,""
urn:cts:greekLit:tlg0012.tlg001.msA:21.195,""
urn:cts:greekLit:tlg0012.tlg001.msA:21.196,""
urn:cts:greekLit:tlg0012.tlg001.msA:21.197,""
urn:cts:greekLit:tlg0012.tlg001.msA:21.198,""
urn:cts:greekLit:tlg0012.tlg001.msA:21.199,""
urn:cts:greekLit:tlg0012.tlg001.msA:21.200,""
urn:cts:greekLit:tlg0012.tlg001.msA:21.201,""
urn:cts:greekLit:tlg0012.tlg001.msA:21.202,""
urn:cts:greekLit:tlg0012.tlg001.msA:21.203,""
urn:cts:greekLit:tlg0012.tlg001.msA:21.204,""
urn:cts:greekLit:tlg0012.tlg001.msA:21.205,""
urn:cts:greekLit:tlg0012.tlg001.msA:21.206,""
urn:cts:greekLit:tlg0012.tlg001.msA:21.207,""
urn:cts:greekLit:tlg0012.tlg001.msA:21.208,""
urn:cts:greekLit:tlg0012.tlg001.msA:21.209,""
urn:cts:greekLit:tlg0012.tlg001.msA:21.210,""
urn:cts:greekLit:tlg0012.tlg001.msA:21.211,""
urn:cts:greekLit:tlg0012.tlg001.msA:21.212,""
urn:cts:greekLit:tlg0012.tlg001.msA:21.213,""
urn:cts:greekLit:tlg0012.tlg001.msA:21.214,""
urn:cts:greekLit:tlg0012.tlg001.msA:21.215,""
urn:cts:greekLit:tlg0012.tlg001.msA:21.216,""
urn:cts:greekLit:tlg0012.tlg001.msA:21.217,""
urn:cts:greekLit:tlg0012.tlg001.msA:21.218,""
urn:cts:greekLit:tlg0012.tlg001.msA:21.219,""
urn:cts:greekLit:tlg0012.tlg001.msA:21.220,""
urn:cts:greekLit:tlg0012.tlg001.msA:21.221,""
urn:cts:greekLit:tlg0012.tlg001.msA:21.222,""
urn:cts:greekLit:tlg0012.tlg001.msA:21.223,""
urn:cts:greekLit:tlg0012.tlg001.msA:21.224,""
urn:cts:greekLit:tlg0012.tlg001.msA:21.225,""
urn:cts:greekLit:tlg0012.tlg001.msA:21.226,""
urn:cts:greekLit:tlg0012.tlg001.msA:21.227,""
urn:cts:greekLit:tlg0012.tlg001.msA:21.228,""
urn:cts:greekLit:tlg0012.tlg001.msA:21.229,""
urn:cts:greekLit:tlg0012.tlg001.msA:21.230,""
urn:cts:greekLit:tlg0012.tlg001.msA:21.231,""
urn:cts:greekLit:tlg0012.tlg001.msA:21.232,""
urn:cts:greekLit:tlg0012.tlg001.msA:21.233,""
urn:cts:greekLit:tlg0012.tlg001.msA:21.234,""
urn:cts:greekLit:tlg0012.tlg001.msA:21.235,""
urn:cts:greekLit:tlg0012.tlg001.msA:21.236,""
urn:cts:greekLit:tlg0012.tlg001.msA:21.237,""
urn:cts:greekLit:tlg0012.tlg001.msA:21.238,""
urn:cts:greekLit:tlg0012.tlg001.msA:21.239,""
urn:cts:greekLit:tlg0012.tlg001.msA:21.240,""
urn:cts:greekLit:tlg0012.tlg001.msA:21.241,""
urn:cts:greekLit:tlg0012.tlg001.msA:21.242,""
urn:cts:greekLit:tlg0012.tlg001.msA:21.243,""
urn:cts:greekLit:tlg0012.tlg001.msA:21.244,""
urn:cts:greekLit:tlg0012.tlg001.msA:21.245,""
urn:cts:greekLit:tlg0012.tlg001.msA:21.246,""
urn:cts:greekLit:tlg0012.tlg001.msA:21.247,""
urn:cts:greekLit:tlg0012.tlg001.msA:21.248,""
urn:cts:greekLit:tlg0012.tlg001.msA:21.249,""
urn:cts:greekLit:tlg0012.tlg001.msA:21.250,""
urn:cts:greekLit:tlg0012.tlg001.msA:21.251,""
urn:cts:greekLit:tlg0012.tlg001.msA:21.252,""
urn:cts:greekLit:tlg0012.tlg001.msA:21.253,""
urn:cts:greekLit:tlg0012.tlg001.msA:21.254,""
urn:cts:greekLit:tlg0012.tlg001.msA:21.255,""
urn:cts:greekLit:tlg0012.tlg001.msA:21.256,""
urn:cts:greekLit:tlg0012.tlg001.msA:21.257,""
urn:cts:greekLit:tlg0012.tlg001.msA:21.258,""
urn:cts:greekLit:tlg0012.tlg001.msA:21.259,""
urn:cts:greekLit:tlg0012.tlg001.msA:21.260,""
urn:cts:greekLit:tlg0012.tlg001.msA:21.261,""
urn:cts:greekLit:tlg0012.tlg001.msA:21.262,""
urn:cts:greekLit:tlg0012.tlg001.msA:21.263,""
urn:cts:greekLit:tlg0012.tlg001.msA:21.264,""
urn:cts:greekLit:tlg0012.tlg001.msA:21.265,""
urn:cts:greekLit:tlg0012.tlg001.msA:21.266,""
urn:cts:greekLit:tlg0012.tlg001.msA:21.267,""
urn:cts:greekLit:tlg0012.tlg001.msA:21.268,""
urn:cts:greekLit:tlg0012.tlg001.msA:21.269,""
urn:cts:greekLit:tlg0012.tlg001.msA:21.270,""
urn:cts:greekLit:tlg0012.tlg001.msA:21.271,""
urn:cts:greekLit:tlg0012.tlg001.msA:21.272,""
urn:cts:greekLit:tlg0012.tlg001.msA:21.273,""
urn:cts:greekLit:tlg0012.tlg001.msA:21.274,""
urn:cts:greekLit:tlg0012.tlg001.msA:21.275,""
urn:cts:greekLit:tlg0012.tlg001.msA:21.276,""
urn:cts:greekLit:tlg0012.tlg001.msA:21.277,""
urn:cts:greekLit:tlg0012.tlg001.msA:21.278,""
urn:cts:greekLit:tlg0012.tlg001.msA:21.279,""
urn:cts:greekLit:tlg0012.tlg001.msA:21.280,""
urn:cts:greekLit:tlg0012.tlg001.msA:21.281,""
urn:cts:greekLit:tlg0012.tlg001.msA:21.282,""
urn:cts:greekLit:tlg0012.tlg001.msA:21.283,""
urn:cts:greekLit:tlg0012.tlg001.msA:21.284,""
urn:cts:greekLit:tlg0012.tlg001.msA:21.285,""
urn:cts:greekLit:tlg0012.tlg001.msA:21.286,""
urn:cts:greekLit:tlg0012.tlg001.msA:21.287,""
urn:cts:greekLit:tlg0012.tlg001.msA:21.288,""
urn:cts:greekLit:tlg0012.tlg001.msA:21.289,""
urn:cts:greekLit:tlg0012.tlg001.msA:21.290,""
urn:cts:greekLit:tlg0012.tlg001.msA:21.291,""
urn:cts:greekLit:tlg0012.tlg001.msA:21.292,""
urn:cts:greekLit:tlg0012.tlg001.msA:21.293,""
urn:cts:greekLit:tlg0012.tlg001.msA:21.294,""
urn:cts:greekLit:tlg0012.tlg001.msA:21.295,""
urn:cts:greekLit:tlg0012.tlg001.msA:21.296,""
urn:cts:greekLit:tlg0012.tlg001.msA:21.297,""
urn:cts:greekLit:tlg0012.tlg001.msA:21.298,""
urn:cts:greekLit:tlg0012.tlg001.msA:21.299,""
urn:cts:greekLit:tlg0012.tlg001.msA:21.300,""
urn:cts:greekLit:tlg0012.tlg001.msA:21.301,""
urn:cts:greekLit:tlg0012.tlg001.msA:21.302,""
urn:cts:greekLit:tlg0012.tlg001.msA:21.303,""
urn:cts:greekLit:tlg0012.tlg001.msA:21.304,""
urn:cts:greekLit:tlg0012.tlg001.msA:21.305,""
urn:cts:greekLit:tlg0012.tlg001.msA:21.306,""
urn:cts:greekLit:tlg0012.tlg001.msA:21.307,""
urn:cts:greekLit:tlg0012.tlg001.msA:21.308,""
urn:cts:greekLit:tlg0012.tlg001.msA:21.309,""
urn:cts:greekLit:tlg0012.tlg001.msA:21.310,""
urn:cts:greekLit:tlg0012.tlg001.msA:21.311,""
urn:cts:greekLit:tlg0012.tlg001.msA:21.312,""
urn:cts:greekLit:tlg0012.tlg001.msA:21.313,""
urn:cts:greekLit:tlg0012.tlg001.msA:21.314,""
urn:cts:greekLit:tlg0012.tlg001.msA:21.315,""
urn:cts:greekLit:tlg0012.tlg001.msA:21.316,""
urn:cts:greekLit:tlg0012.tlg001.msA:21.317,""
urn:cts:greekLit:tlg0012.tlg001.msA:21.318,""
urn:cts:greekLit:tlg0012.tlg001.msA:21.319,""
urn:cts:greekLit:tlg0012.tlg001.msA:21.320,""
urn:cts:greekLit:tlg0012.tlg001.msA:21.321,""
urn:cts:greekLit:tlg0012.tlg001.msA:21.322,""
urn:cts:greekLit:tlg0012.tlg001.msA:21.323,""
urn:cts:greekLit:tlg0012.tlg001.msA:21.324,""
urn:cts:greekLit:tlg0012.tlg001.msA:21.325,""
urn:cts:greekLit:tlg0012.tlg001.msA:21.326,""
urn:cts:greekLit:tlg0012.tlg001.msA:21.327,""
urn:cts:greekLit:tlg0012.tlg001.msA:21.328,""
urn:cts:greekLit:tlg0012.tlg001.msA:21.329,""
urn:cts:greekLit:tlg0012.tlg001.msA:21.330,""
urn:cts:greekLit:tlg0012.tlg001.msA:21.331,""
urn:cts:greekLit:tlg0012.tlg001.msA:21.332,""
urn:cts:greekLit:tlg0012.tlg001.msA:21.333,""
urn:cts:greekLit:tlg0012.tlg001.msA:21.334,""
urn:cts:greekLit:tlg0012.tlg001.msA:21.335,""
urn:cts:greekLit:tlg0012.tlg001.msA:21.336,""
urn:cts:greekLit:tlg0012.tlg001.msA:21.337,""
urn:cts:greekLit:tlg0012.tlg001.msA:21.338,""
urn:cts:greekLit:tlg0012.tlg001.msA:21.339,""
urn:cts:greekLit:tlg0012.tlg001.msA:21.340,""
urn:cts:greekLit:tlg0012.tlg001.msA:21.341,""
urn:cts:greekLit:tlg0012.tlg001.msA:21.342,""
urn:cts:greekLit:tlg0012.tlg001.msA:21.343,""
urn:cts:greekLit:tlg0012.tlg001.msA:21.344,""
urn:cts:greekLit:tlg0012.tlg001.msA:21.345,""
urn:cts:greekLit:tlg0012.tlg001.msA:21.346,""
urn:cts:greekLit:tlg0012.tlg001.msA:21.347,""
urn:cts:greekLit:tlg0012.tlg001.msA:21.348,""
urn:cts:greekLit:tlg0012.tlg001.msA:21.349,""
urn:cts:greekLit:tlg0012.tlg001.msA:21.350,""
urn:cts:greekLit:tlg0012.tlg001.msA:21.351,""
urn:cts:greekLit:tlg0012.tlg001.msA:21.352,""
urn:cts:greekLit:tlg0012.tlg001.msA:21.353,""
urn:cts:greekLit:tlg0012.tlg001.msA:21.354,""
urn:cts:greekLit:tlg0012.tlg001.msA:21.355,""
urn:cts:greekLit:tlg0012.tlg001.msA:21.356,""
urn:cts:greekLit:tlg0012.tlg001.msA:21.357,""
urn:cts:greekLit:tlg0012.tlg001.msA:21.358,""
urn:cts:greekLit:tlg0012.tlg001.msA:21.359,""
urn:cts:greekLit:tlg0012.tlg001.msA:21.360,""
urn:cts:greekLit:tlg0012.tlg001.msA:21.361,""
urn:cts:greekLit:tlg0012.tlg001.msA:21.362,""
urn:cts:greekLit:tlg0012.tlg001.msA:21.363,""
urn:cts:greekLit:tlg0012.tlg001.msA:21.364,""
urn:cts:greekLit:tlg0012.tlg001.msA:21.365,""
urn:cts:greekLit:tlg0012.tlg001.msA:21.366,""
urn:cts:greekLit:tlg0012.tlg001.msA:21.367,""
urn:cts:greekLit:tlg0012.tlg001.msA:21.368,""
urn:cts:greekLit:tlg0012.tlg001.msA:21.369,""
urn:cts:greekLit:tlg0012.tlg001.msA:21.370,""
urn:cts:greekLit:tlg0012.tlg001.msA:21.371,""
urn:cts:greekLit:tlg0012.tlg001.msA:21.372,""
urn:cts:greekLit:tlg0012.tlg001.msA:21.373,""
urn:cts:greekLit:tlg0012.tlg001.msA:21.374,""
urn:cts:greekLit:tlg0012.tlg001.msA:21.375,""
urn:cts:greekLit:tlg0012.tlg001.msA:21.376,""
urn:cts:greekLit:tlg0012.tlg001.msA:21.377,""
urn:cts:greekLit:tlg0012.tlg001.msA:21.378,""
urn:cts:greekLit:tlg0012.tlg001.msA:21.379,""
urn:cts:greekLit:tlg0012.tlg001.msA:21.380,""
urn:cts:greekLit:tlg0012.tlg001.msA:21.381,""
urn:cts:greekLit:tlg0012.tlg001.msA:21.382,""
urn:cts:greekLit:tlg0012.tlg001.msA:21.383,""
urn:cts:greekLit:tlg0012.tlg001.msA:21.384,""
urn:cts:greekLit:tlg0012.tlg001.msA:21.385,""
urn:cts:greekLit:tlg0012.tlg001.msA:21.386,""
urn:cts:greekLit:tlg0012.tlg001.msA:21.387,""
urn:cts:greekLit:tlg0012.tlg001.msA:21.388,""
urn:cts:greekLit:tlg0012.tlg001.msA:21.389,""
urn:cts:greekLit:tlg0012.tlg001.msA:21.390,""
urn:cts:greekLit:tlg0012.tlg001.msA:21.391,""
urn:cts:greekLit:tlg0012.tlg001.msA:21.392,""
urn:cts:greekLit:tlg0012.tlg001.msA:21.393,""
urn:cts:greekLit:tlg0012.tlg001.msA:21.394,""
urn:cts:greekLit:tlg0012.tlg001.msA:21.395,""
urn:cts:greekLit:tlg0012.tlg001.msA:21.396,""
urn:cts:greekLit:tlg0012.tlg001.msA:21.397,""
urn:cts:greekLit:tlg0012.tlg001.msA:21.398,""
urn:cts:greekLit:tlg0012.tlg001.msA:21.399,""
urn:cts:greekLit:tlg0012.tlg001.msA:21.400,""
urn:cts:greekLit:tlg0012.tlg001.msA:21.401,""
urn:cts:greekLit:tlg0012.tlg001.msA:21.402,""
urn:cts:greekLit:tlg0012.tlg001.msA:21.403,""
urn:cts:greekLit:tlg0012.tlg001.msA:21.404,""
urn:cts:greekLit:tlg0012.tlg001.msA:21.405,""
urn:cts:greekLit:tlg0012.tlg001.msA:21.406,""
urn:cts:greekLit:tlg0012.tlg001.msA:21.407,""
urn:cts:greekLit:tlg0012.tlg001.msA:21.408,""
urn:cts:greekLit:tlg0012.tlg001.msA:21.409,""
urn:cts:greekLit:tlg0012.tlg001.msA:21.410,""
urn:cts:greekLit:tlg0012.tlg001.msA:21.411,""
urn:cts:greekLit:tlg0012.tlg001.msA:21.412,""
urn:cts:greekLit:tlg0012.tlg001.msA:21.413,""
urn:cts:greekLit:tlg0012.tlg001.msA:21.414,""
urn:cts:greekLit:tlg0012.tlg001.msA:21.415,""
urn:cts:greekLit:tlg0012.tlg001.msA:21.416,""
urn:cts:greekLit:tlg0012.tlg001.msA:21.417,""
urn:cts:greekLit:tlg0012.tlg001.msA:21.418,""
urn:cts:greekLit:tlg0012.tlg001.msA:21.419,""
urn:cts:greekLit:tlg0012.tlg001.msA:21.420,""
urn:cts:greekLit:tlg0012.tlg001.msA:21.421,""
urn:cts:greekLit:tlg0012.tlg001.msA:21.422,""
urn:cts:greekLit:tlg0012.tlg001.msA:21.423,""
urn:cts:greekLit:tlg0012.tlg001.msA:21.424,""
urn:cts:greekLit:tlg0012.tlg001.msA:21.425,""
urn:cts:greekLit:tlg0012.tlg001.msA:21.426,""
urn:cts:greekLit:tlg0012.tlg001.msA:21.427,""
urn:cts:greekLit:tlg0012.tlg001.msA:21.428,""
urn:cts:greekLit:tlg0012.tlg001.msA:21.429,""
urn:cts:greekLit:tlg0012.tlg001.msA:21.430,""
urn:cts:greekLit:tlg0012.tlg001.msA:21.431,""
urn:cts:greekLit:tlg0012.tlg001.msA:21.432,""
urn:cts:greekLit:tlg0012.tlg001.msA:21.433,""
urn:cts:greekLit:tlg0012.tlg001.msA:21.435,""
urn:cts:greekLit:tlg0012.tlg001.msA:21.436,""
urn:cts:greekLit:tlg0012.tlg001.msA:21.437,""
urn:cts:greekLit:tlg0012.tlg001.msA:21.438,""
urn:cts:greekLit:tlg0012.tlg001.msA:21.439,""
urn:cts:greekLit:tlg0012.tlg001.msA:21.440,""
urn:cts:greekLit:tlg0012.tlg001.msA:21.441,""
urn:cts:greekLit:tlg0012.tlg001.msA:21.442,""
urn:cts:greekLit:tlg0012.tlg001.msA:21.443,""
urn:cts:greekLit:tlg0012.tlg001.msA:21.444,""
urn:cts:greekLit:tlg0012.tlg001.msA:21.445,""
urn:cts:greekLit:tlg0012.tlg001.msA:21.446,""
urn:cts:greekLit:tlg0012.tlg001.msA:21.447,""
urn:cts:greekLit:tlg0012.tlg001.msA:21.448,""
urn:cts:greekLit:tlg0012.tlg001.msA:21.449,""
urn:cts:greekLit:tlg0012.tlg001.msA:21.450,""
urn:cts:greekLit:tlg0012.tlg001.msA:21.451,""
urn:cts:greekLit:tlg0012.tlg001.msA:21.452,""
urn:cts:greekLit:tlg0012.tlg001.msA:21.453,""
urn:cts:greekLit:tlg0012.tlg001.msA:21.454,""
urn:cts:greekLit:tlg0012.tlg001.msA:21.455,""
urn:cts:greekLit:tlg0012.tlg001.msA:21.456,""
urn:cts:greekLit:tlg0012.tlg001.msA:21.457,""
urn:cts:greekLit:tlg0012.tlg001.msA:21.458,""
urn:cts:greekLit:tlg0012.tlg001.msA:21.459,""
urn:cts:greekLit:tlg0012.tlg001.msA:21.460,""
urn:cts:greekLit:tlg0012.tlg001.msA:21.461,""
urn:cts:greekLit:tlg0012.tlg001.msA:21.462,""
urn:cts:greekLit:tlg0012.tlg001.msA:21.463,""
urn:cts:greekLit:tlg0012.tlg001.msA:21.464,""
urn:cts:greekLit:tlg0012.tlg001.msA:21.465,""
urn:cts:greekLit:tlg0012.tlg001.msA:21.466,""
urn:cts:greekLit:tlg0012.tlg001.msA:21.467,""
urn:cts:greekLit:tlg0012.tlg001.msA:21.468,""
urn:cts:greekLit:tlg0012.tlg001.msA:21.469,""
urn:cts:greekLit:tlg0012.tlg001.msA:21.470,""
urn:cts:greekLit:tlg0012.tlg001.msA:21.471,""
urn:cts:greekLit:tlg0012.tlg001.msA:21.472,""
urn:cts:greekLit:tlg0012.tlg001.msA:21.473,""
urn:cts:greekLit:tlg0012.tlg001.msA:21.474,""
urn:cts:greekLit:tlg0012.tlg001.msA:21.475,""
urn:cts:greekLit:tlg0012.tlg001.msA:21.476,""
urn:cts:greekLit:tlg0012.tlg001.msA:21.477,""
urn:cts:greekLit:tlg0012.tlg001.msA:21.478,""
urn:cts:greekLit:tlg0012.tlg001.msA:21.479,""
urn:cts:greekLit:tlg0012.tlg001.msA:21.481,""
urn:cts:greekLit:tlg0012.tlg001.msA:21.482,""
urn:cts:greekLit:tlg0012.tlg001.msA:21.483,""
urn:cts:greekLit:tlg0012.tlg001.msA:21.484,""
urn:cts:greekLit:tlg0012.tlg001.msA:21.485,""
urn:cts:greekLit:tlg0012.tlg001.msA:21.486,""
urn:cts:greekLit:tlg0012.tlg001.msA:21.487,""
urn:cts:greekLit:tlg0012.tlg001.msA:21.488,""
urn:cts:greekLit:tlg0012.tlg001.msA:21.489,""
urn:cts:greekLit:tlg0012.tlg001.msA:21.490,""
urn:cts:greekLit:tlg0012.tlg001.msA:21.491,""
urn:cts:greekLit:tlg0012.tlg001.msA:21.492,""
urn:cts:greekLit:tlg0012.tlg001.msA:21.493,""
urn:cts:greekLit:tlg0012.tlg001.msA:21.494,""
urn:cts:greekLit:tlg0012.tlg001.msA:21.495,""
urn:cts:greekLit:tlg0012.tlg001.msA:21.496,""
urn:cts:greekLit:tlg0012.tlg001.msA:21.497,""
urn:cts:greekLit:tlg0012.tlg001.msA:21.498,""
urn:cts:greekLit:tlg0012.tlg001.msA:21.499,""
urn:cts:greekLit:tlg0012.tlg001.msA:21.500,""
urn:cts:greekLit:tlg0012.tlg001.msA:21.501,""
urn:cts:greekLit:tlg0012.tlg001.msA:21.502,""
urn:cts:greekLit:tlg0012.tlg001.msA:21.503,""
urn:cts:greekLit:tlg0012.tlg001.msA:21.504,""
urn:cts:greekLit:tlg0012.tlg001.msA:21.505,""
urn:cts:greekLit:tlg0012.tlg001.msA:21.506,""
urn:cts:greekLit:tlg0012.tlg001.msA:21.507,""
urn:cts:greekLit:tlg0012.tlg001.msA:21.508,""
urn:cts:greekLit:tlg0012.tlg001.msA:21.509,""
urn:cts:greekLit:tlg0012.tlg001.msA:21.511,""
urn:cts:greekLit:tlg0012.tlg001.msA:21.512,""
urn:cts:greekLit:tlg0012.tlg001.msA:21.513,""
urn:cts:greekLit:tlg0012.tlg001.msA:21.514,""
urn:cts:greekLit:tlg0012.tlg001.msA:21.515,""
urn:cts:greekLit:tlg0012.tlg001.msA:21.516,""
urn:cts:greekLit:tlg0012.tlg001.msA:21.517,""
urn:cts:greekLit:tlg0012.tlg001.msA:21.518,""
urn:cts:greekLit:tlg0012.tlg001.msA:21.519,""
urn:cts:greekLit:tlg0012.tlg001.msA:21.520,""
urn:cts:greekLit:tlg0012.tlg001.msA:21.521,""
urn:cts:greekLit:tlg0012.tlg001.msA:21.522,""
urn:cts:greekLit:tlg0012.tlg001.msA:21.523,""
urn:cts:greekLit:tlg0012.tlg001.msA:21.524,""
urn:cts:greekLit:tlg0012.tlg001.msA:21.525,""
urn:cts:greekLit:tlg0012.tlg001.msA:21.526,""
urn:cts:greekLit:tlg0012.tlg001.msA:21.527,""
urn:cts:greekLit:tlg0012.tlg001.msA:21.528,""
urn:cts:greekLit:tlg0012.tlg001.msA:21.529,""
urn:cts:greekLit:tlg0012.tlg001.msA:21.530,""
urn:cts:greekLit:tlg0012.tlg001.msA:21.531,""
urn:cts:greekLit:tlg0012.tlg001.msA:21.532,""
urn:cts:greekLit:tlg0012.tlg001.msA:21.533,""
urn:cts:greekLit:tlg0012.tlg001.msA:21.534,""
urn:cts:greekLit:tlg0012.tlg001.msA:21.535,""
urn:cts:greekLit:tlg0012.tlg001.msA:21.536,""
urn:cts:greekLit:tlg0012.tlg001.msA:21.537,""
urn:cts:greekLit:tlg0012.tlg001.msA:21.538,""
urn:cts:greekLit:tlg0012.tlg001.msA:21.539,""
urn:cts:greekLit:tlg0012.tlg001.msA:21.540,""
urn:cts:greekLit:tlg0012.tlg001.msA:21.541,""
urn:cts:greekLit:tlg0012.tlg001.msA:21.542,""
urn:cts:greekLit:tlg0012.tlg001.msA:21.543,""
urn:cts:greekLit:tlg0012.tlg001.msA:21.544,""
urn:cts:greekLit:tlg0012.tlg001.msA:21.545,""
urn:cts:greekLit:tlg0012.tlg001.msA:21.546,""
urn:cts:greekLit:tlg0012.tlg001.msA:21.547,""
urn:cts:greekLit:tlg0012.tlg001.msA:21.548,""
urn:cts:greekLit:tlg0012.tlg001.msA:21.549,""
urn:cts:greekLit:tlg0012.tlg001.msA:21.550,""
urn:cts:greekLit:tlg0012.tlg001.msA:21.551,""
urn:cts:greekLit:tlg0012.tlg001.msA:21.552,""
urn:cts:greekLit:tlg0012.tlg001.msA:21.553,""
urn:cts:greekLit:tlg0012.tlg001.msA:21.554,""
urn:cts:greekLit:tlg0012.tlg001.msA:21.555,""
urn:cts:greekLit:tlg0012.tlg001.msA:21.556,""
urn:cts:greekLit:tlg0012.tlg001.msA:21.557,""
urn:cts:greekLit:tlg0012.tlg001.msA:21.558,""
urn:cts:greekLit:tlg0012.tlg001.msA:21.559,""
urn:cts:greekLit:tlg0012.tlg001.msA:21.560,""
urn:cts:greekLit:tlg0012.tlg001.msA:21.561,""
urn:cts:greekLit:tlg0012.tlg001.msA:21.562,""
urn:cts:greekLit:tlg0012.tlg001.msA:21.563,""
urn:cts:greekLit:tlg0012.tlg001.msA:21.564,""
urn:cts:greekLit:tlg0012.tlg001.msA:21.565,""
urn:cts:greekLit:tlg0012.tlg001.msA:21.566,""
urn:cts:greekLit:tlg0012.tlg001.msA:21.567,""
urn:cts:greekLit:tlg0012.tlg001.msA:21.568,""
urn:cts:greekLit:tlg0012.tlg001.msA:21.569,""
urn:cts:greekLit:tlg0012.tlg001.msA:21.570,""
urn:cts:greekLit:tlg0012.tlg001.msA:21.571,""
urn:cts:greekLit:tlg0012.tlg001.msA:21.572,""
urn:cts:greekLit:tlg0012.tlg001.msA:21.573,""
urn:cts:greekLit:tlg0012.tlg001.msA:21.574,""
urn:cts:greekLit:tlg0012.tlg001.msA:21.575,""
urn:cts:greekLit:tlg0012.tlg001.msA:21.576,""
urn:cts:greekLit:tlg0012.tlg001.msA:21.577,""
urn:cts:greekLit:tlg0012.tlg001.msA:21.578,""
urn:cts:greekLit:tlg0012.tlg001.msA:21.579,""
urn:cts:greekLit:tlg0012.tlg001.msA:21.580,""
urn:cts:greekLit:tlg0012.tlg001.msA:21.581,""
urn:cts:greekLit:tlg0012.tlg001.msA:21.582,""
urn:cts:greekLit:tlg0012.tlg001.msA:21.583,""
urn:cts:greekLit:tlg0012.tlg001.msA:21.584,""
urn:cts:greekLit:tlg0012.tlg001.msA:21.585,""
urn:cts:greekLit:tlg0012.tlg001.msA:21.586,""
urn:cts:greekLit:tlg0012.tlg001.msA:21.587,""
urn:cts:greekLit:tlg0012.tlg001.msA:21.588,""
urn:cts:greekLit:tlg0012.tlg001.msA:21.589,""
urn:cts:greekLit:tlg0012.tlg001.msA:21.590,""
urn:cts:greekLit:tlg0012.tlg001.msA:21.591,""
urn:cts:greekLit:tlg0012.tlg001.msA:21.592,""
urn:cts:greekLit:tlg0012.tlg001.msA:21.593,""
urn:cts:greekLit:tlg0012.tlg001.msA:21.595,""
urn:cts:greekLit:tlg0012.tlg001.msA:21.596,""
urn:cts:greekLit:tlg0012.tlg001.msA:21.597,""
urn:cts:greekLit:tlg0012.tlg001.msA:21.598,""
urn:cts:greekLit:tlg0012.tlg001.msA:21.599,""
urn:cts:greekLit:tlg0012.tlg001.msA:21.600,""
urn:cts:greekLit:tlg0012.tlg001.msA:21.601,""
urn:cts:greekLit:tlg0012.tlg001.msA:21.602,""
urn:cts:greekLit:tlg0012.tlg001.msA:21.603,""
urn:cts:greekLit:tlg0012.tlg001.msA:21.604,""
urn:cts:greekLit:tlg0012.tlg001.msA:21.605,""
urn:cts:greekLit:tlg0012.tlg001.msA:21.606,""
urn:cts:greekLit:tlg0012.tlg001.msA:21.607,""
urn:cts:greekLit:tlg0012.tlg001.msA:21.608,""
urn:cts:greekLit:tlg0012.tlg001.msA:21.609,""
urn:cts:greekLit:tlg0012.tlg001.msA:21.610,""
urn:cts:greekLit:tlg0012.tlg001.msA:21.611,""


